timestamp,total_memory,java_heap,native_heap,code,stack,graphics,cpu_usage
1791387261,399523,34988,116384,89864,3240,139044,0.0
1791387267,458202,21648,179044,91124,3432,146116,95.55408095554081
1791387273,663908,26608,295000,91272,3488,230328,241.36780650542119
1791387279,780831,75960,364024,91656,3536,228304,267.5438596491228
1791387285,769127,32872,364892,91716,3536,258736,265.43940390094235
1791387291,737304,29288,352532,91716,3536,242856,316.91240242844754
1791387296,777580,27440,384984,91716,3540,252520,226.569084054114
1791387302,815002,25720,367000,91720,3544,309628,186.07484769364663
1791387308,838664,44648,396708,91728,3384,284820,151.36054421768708
1791387314,857388,38608,372472,91728,3388,333792,153.93534002229654
1791387320,819584,38768,400448,91728,3392,267848,164.1025641025641
1791387326,879068,42804,385540,91728,3392,338208,125.13274336283186
1791387332,857820,36076,406716,91728,2980,303012,240.90006618133688
1791387337,878852,42688,412532,91728,2980,311612,244.99349804941482
1791387343,880400,40872,418132,91716,2928,309432,232.09019947961838
1791387349,812208,29408,356324,91724,2928,314492,116.43356643356644
1791387355,889252,28240,399568,91788,2904,349424,259.01201602136183
1791387361,884164,25528,392308,91788,2904,354312,106.79741475373301
1791387367,867012,30716,388220,91788,2904,336056,108.71886120996442
1791387373,906736,31668,391404,91788,2904,371640,108.73614190687361
1791387378,900708,27592,388168,91788,2904,372920,105.93368237347296
1791387384,896824,26476,385400,91788,2904,372920,107.16180371352786
1791387390,968460,37604,441860,91788,2904,376964,168.4946471487874
1791387396,922816,28268,428984,91788,2904,353532,111.58564288959565
1791387402,900548,33212,424564,91788,2904,330736,190.81150708458566
1791387408,943436,33836,429452,91788,2904,368104,189.96415770609318
1791387413,928948,30404,413600,91792,2904,372888,111.85840707964603
1791387419,981804,34836,416820,91792,2904,418096,110.76103838473486
1791387425,978356,32888,415316,91792,2904,418096,110.73094867807154
1791387431,969564,28680,410732,91792,2904,418096,107.99640610961364
1791387436,964764,26988,409668,91792,2904,416048,104.2316258351893
1791387442,932700,29480,411976,91792,2904,379184,103.09185285488603
1791387448,930068,26980,409788,91792,2908,381232,102.01342281879195
1791387454,938348,31408,413640,91792,2908,381232,115.98315229439149
1791387460,938056,30660,414092,91792,2908,381232,114.96478873239437
1791387465,972340,29536,412632,91792,2908,418096,108.3076923076923
1791387471,930292,26896,410124,91792,2880,381232,102.55045464626302
1791387477,961464,23168,406112,91792,2880,420144,101.33918770581778
1791387483,926124,24972,407876,91792,2880,381232,107.2381368904439
1791387489,927456,25888,408292,91792,2880,381232,105.55678547708655
1791387495,934676,28760,412632,91792,2880,381232,101.36689086569754
1791387501,971984,28660,413172,91792,2880,418100,103.07390451275342
1791387506,964856,26172,408532,91792,2880,418100,98.72487572941431
1791387512,930888,27620,409980,91792,2880,381236,102.00647249190939
1791387518,961092,23824,407112,91780,2880,418100,108.18505338078293
1791387524,960176,23620,406396,91784,2880,418100,117.16901093994194
1791387530,936448,25476,409172,91780,2880,389716,112.81138790035587
1791387536,934824,24936,408088,91780,2880,389716,115.63685032344412
1791387541,977064,27900,410500,91780,2880,426580,103.47558293004839
1791387547,971748,24980,408104,91780,2880,426580,106.12425381384037
1791387553,951712,33652,416260,91780,2880,389716,111.8279569892473
1791387559,974292,26532,409092,91780,2880,426580,104.72406181015452
1791387565,970928,24360,407900,91780,2880,426580,106.07142857142857
1791387570,942000,28692,411504,91780,2880,389716,103.05561661903715
1791387576,940868,28048,411016,91780,2880,389716,99.38107869142353
1791387582,984660,31648,414340,91780,2880,426580,106.64312513793865
1791387588,989472,33664,417132,91780,2880,426580,110.89984523546319
1791387594,942488,28144,412528,91780,2880,389716,102.6719229084538
1791387599,941572,28188,411568,91780,2880,389716,102.105029913583
1791387605,943772,29496,412460,91780,2880,389716,109.07488986784142
1791387611,942296,28360,414168,91780,2880,387668,105.65705480959717
1791387617,946560,30544,414196,91780,2880,389716,106.43093922651934
1791387623,943164,29312,412000,91780,2880,389716,101.80855756506395
1791387629,940680,26960,411896,91780,2880,389716,108.40299164100308
1791387634,981002,29240,413068,91780,2880,426580,111.47976111479761
1791387640,947068,31376,413856,91780,2880,389716,107.90117961273091
1791387646,977260,29068,411540,91780,2880,424532,100.68206820682069
1791387652,977028,27628,410700,91780,2880,426580,106.03907637655416
1791387658,988000,31772,417528,91780,2880,426580,100.83737329219922
1791387663,981096,28868,413508,91792,2880,426580,106.0197663971249
1791387669,952948,33996,416840,91792,2880,389972,103.28845729419554
1791387675,952060,33568,416380,91792,2880,389972,108.08904562486224
1791387681,933260,25044,408152,91792,2880,387924,102.84191829484904
1791387687,990060,32996,418088,91792,2880,426836,106.07834308869879
1791387692,936552,25536,408900,91792,2880,389972,104.00885935769656
1791387698,930932,22712,406104,91792,2880,389972,112.76831157335694
1791387704,976744,27300,410464,91792,2880,426836,101.79243195397211
1791387710,968380,24216,407232,91792,2880,424788,105.4180602006689
1791387716,951336,31516,417704,91792,2880,389972,106.60753880266076
1791387721,955804,34128,419560,91792,2880,389972,118.53856562922869
1791387727,956356,34392,417800,91792,2880,392020,114.13474240422721
1791387733,940208,26704,411388,91792,2880,389972,106.07252075141984
1791387739,942880,28656,412104,91792,2880,389972,115.14614703277238
1791387745,970104,23804,407316,91792,2880,426836,111.333778668448
1791387750,980092,27384,413724,91792,2880,426836,112.49182472204056
1791387756,972024,24904,408136,91792,2880,426836,113.59786000891663
1791387762,944956,29652,413180,91792,2880,389972,109.3715545755237
1791387768,992188,34656,418544,91792,2880,426836,111.3746157224418
1791387774,983348,30332,414024,91792,2880,426836,104.00906002265005
1791387780,970812,23924,407896,91792,2880,426836,100.86111724442482
1791387785,967268,23332,406992,91792,2880,424788,105.31422271223813
1791387791,942288,28416,411744,91792,2880,389972,111.18464592984778
1791387797,982444,29820,413628,91792,2880,426836,111.71806167400882
1791387803,945108,29932,413044,91792,2880,389972,116.69626998223801
1791387809,983488,29960,414532,91792,2880,426836,108.8183421516755
1791387814,942844,27808,412648,91792,2880,390228,117.2031076581576
1791387820,970692,23716,407720,91792,2880,427092,113.92688943709352
1791387826,1001972,39620,422840,91792,2880,427348,116.74047829937999
1791387832,979108,27836,411760,91792,2880,427348,110.64394777605663
1791387838,952040,32920,416472,91792,2880,390484,114.66666666666667
1791387843,934632,24232,407752,91792,2880,390484,109.41385435168738
1791387849,933272,23504,407120,91792,2880,390484,117.30050560562762
1791387855,940228,27136,410444,91792,2880,390484,107.04225352112675
1791387861,972608,24608,408484,91792,2880,427348,111.31498470948011
1791387867,943324,28712,411960,91792,2880,390484,103.47558293004839
1791387873,953948,33560,417736,91792,2880,390484,102.68604139145752
1791387879,947368,29884,414832,91792,2880,390484,105.80416482055826
1791387884,978084,27616,410952,91792,2880,427348,113.69740376007162
1791387890,990104,33220,417368,91792,2880,427348,114.51576828450013
1791387896,992460,34872,418068,91792,2880,427348,111.29818342933098
1791387902,961044,37344,421044,91792,2880,390484,105.6999344835117
1791387908,971760,24348,407892,91792,2880,427348,104.393905939501
1791387913,972012,24056,408436,91792,2880,427348,107.60026589851539
1791387919,947212,30408,414144,91792,2880,390484,103.15186246418338
1791387925,934604,24276,407668,91792,2880,390484,103.40734227302704
1791387931,943528,28776,412092,91792,2880,390484,110.92811039394614
1791387937,970520,23684,407304,91796,2880,427348,109.99341093784318
1791387943,931908,23720,407568,91780,2880,388436,110.38130923517744
1791387948,943148,27956,412524,91780,2880,390484,108.65279299014239
1791387954,1000564,38776,422256,91780,2880,427348,106.94041508591832
1791387960,937676,25756,409252,91780,2880,390484,104.2031523642732
1791387966,950876,32064,416140,91784,2880,390484,106.2568605927552
1791387972,946152,28892,414572,91780,2880,390484,102.43795299802328
1791387978,967436,23172,406760,91780,2880,425300,107.46796288113126
1791387984,936976,25392,408892,91780,2880,390484,103.80194518125552
